title,link,published,source,description,source_type,label,scraped_at
"Girl, 5, among Vancouver dead as suspect charged",https://www.bbc.com/news/articles/c4g271y53z6o,"Mon, 28 Apr 2025 07:57:31 GMT",BBC News,"At least 10 others were killed after a car drove into a crowd at a street festival in Vancouver, Canada on Saturday night.",credible,unknown,2025-04-28T15:02:47.691410
"Top-brand baby food pouches lack key nutrients, lab-testing by BBC finds",https://www.bbc.com/news/articles/c62j0l0gg4go,"Mon, 28 Apr 2025 05:00:36 GMT",BBC News,"Parents are being ""misled"" by marketing from leading baby food companies, experts tell BBC.",credible,unknown,2025-04-28T15:02:47.691537
School uniforms to change for millions of pupils under plans to reduce branded items,https://www.bbc.com/news/articles/cvgp08ln84no,"Mon, 28 Apr 2025 04:59:37 GMT",BBC News,"The government says it will save parents £50 a year, but retailers say it could end up costing more.",credible,unknown,2025-04-28T15:02:47.691645
Trump's first 100 days - and the rapid remaking of a nation,https://www.bbc.com/news/articles/cly1n7jz587o,"Sun, 27 Apr 2025 23:34:09 GMT",BBC News,The impact of what President Trump has done so far is being felt in every corner of American life.,credible,unknown,2025-04-28T15:02:47.691741
Ministers face above projected teacher and NHS pay deals,https://www.bbc.com/news/articles/cpq7324qdj9o,"Mon, 28 Apr 2025 09:29:38 GMT",BBC News,Pay review bodies recommend increases for teachers and NHS workers above the 2.8% the government has budgeted for.,credible,unknown,2025-04-28T15:02:47.691836
'They aimed to kill' - BBC identifies security forces who shot Kenya anti-tax protesters,https://www.bbc.com/news/articles/c8jexr9yv0do,"Mon, 28 Apr 2025 01:36:56 GMT",BBC News,The BBC exposes the members of the security forces who fired on protesters at Kenya’s parliament last year.,credible,unknown,2025-04-28T15:02:47.691933
'Grandpa robbers' held Kim Kardashian at gunpoint - but didn't know who she was,https://www.bbc.com/news/articles/cpdzp06698zo,"Sun, 27 Apr 2025 19:26:56 GMT",BBC News,Suspects who are accused of robbing Kim Kardashian at gunpoint in October 2016 stand trial in Paris.,credible,unknown,2025-04-28T15:02:47.692026
Watch: Fathers of Southport victims finish London marathon in emotional tribute,https://www.bbc.com/news/videos/c75dyz57121o,"Mon, 28 Apr 2025 08:17:56 GMT",BBC News,Sergio Aguiar and David Stancombe entered the race to raise money for projects set up in their daughters' memory.,credible,unknown,2025-04-28T15:02:47.692152
They vowed to stop bombing after Myanmar's earthquake. I saw the air strikes continue,https://www.bbc.com/news/articles/cj9e89knm9lo,"Sun, 27 Apr 2025 21:19:18 GMT",BBC News,The BBC's Quentin Sommerville witnesses daily attacks on a rebel-held area ravaged by the country's long-running civil war.,credible,unknown,2025-04-28T15:02:47.692306
Woman seriously hurt in Leeds attack involving crossbow 'stable',https://www.bbc.com/news/articles/cq5wp1xyl2eo,"Sun, 27 Apr 2025 19:04:14 GMT",BBC News,One of two women seriously hurt in an attack involving a crossbow and a firearm undergoes surgery.,credible,unknown,2025-04-28T15:02:47.692405
"Dozens of African migrants killed in US strike on Yemen, Houthis say",https://www.bbc.com/news/articles/c9qw274w72vo,"Mon, 28 Apr 2025 08:11:41 GMT",BBC News,Houthi-run media report 68 bodies have been recovered from a detention centre in Saada that was holding African migrants.,credible,unknown,2025-04-28T15:02:47.692529
Faisal Islam: There are signs Trump could be ready to retreat on tariffs,https://www.bbc.com/news/articles/c4g45zp77y5o,"Sun, 27 Apr 2025 23:08:37 GMT",BBC News,BBC economics editor Faisal Islam on what comes next for the US president's central economic policy.,credible,unknown,2025-04-28T15:02:47.692635
Sorrow and fury among Vancouver's Filipinos after attack on festival,https://www.bbc.com/news/articles/cly19evjxwqo,"Mon, 28 Apr 2025 04:33:02 GMT",BBC News,The community is reeling after 11 were killed and dozens injured by a car ramming attack on a street event.,credible,unknown,2025-04-28T15:02:47.692720
Could Wrexham really reach the Premier League?,https://www.bbc.com/sport/football/articles/clyqp5j5pymo,"Mon, 28 Apr 2025 04:08:31 GMT",BBC News,BBC Sport examines if Wrexham can go up another level and make it to the Premier League following three successive promotions.,credible,unknown,2025-04-28T15:02:47.692808
"Glow Up is back, and Thunderbolts* hits cinemas: What's coming up this week",https://www.bbc.com/news/articles/c5y5qk2k5jwo,"Sun, 27 Apr 2025 17:02:24 GMT",BBC News,"Another Simple Favour is also coming out, while Samantha Crain drops her new album.",credible,unknown,2025-04-28T15:02:47.692891
Rock & Roll Hall of Fame picks Outkast but not Oasis,https://www.bbc.com/news/articles/c0l0ejx21zgo,"Mon, 28 Apr 2025 00:44:11 GMT",BBC News,"Voters pick Outkast and Cyndi Lauper for induction, but overlook Oasis, Mariah Carey and New Order.",credible,unknown,2025-04-28T15:02:47.692985
Call for ban on AI apps creating naked images of children,https://www.bbc.com/news/articles/cr78pd7p42ro,"Mon, 28 Apr 2025 09:21:55 GMT",BBC News,"Children fear anyone could create sexual deepfake images of them, the children's commissioner says.",credible,unknown,2025-04-28T15:02:47.693069
Daughter of murdered MP calls for Kneecap apology,https://www.bbc.com/news/articles/cze1951ryp9o,"Mon, 28 Apr 2025 09:00:56 GMT",BBC News,"Video emerged of a 2023 gig appearing to show a band member saying: ""The only good Tory is a dead Tory.""",credible,unknown,2025-04-28T15:02:47.693212
Beijing seizes tiny sandbank in South China Sea,https://www.bbc.com/news/articles/creqp4lxnl4o,"Sun, 27 Apr 2025 19:46:21 GMT",BBC News,"The Philippines, which disputes China's claim to the sandbank, responds by releasing a photo of its own forces on another.",credible,unknown,2025-04-28T15:02:47.693302
Canada votes in pivotal election transformed by Trump,https://www.bbc.com/news/articles/c5ylzkzxkndo,"Mon, 28 Apr 2025 04:17:52 GMT",BBC News,"The US president came to dominate on the campaign trail, with the contest being viewed as a referendum on how Canada should engage with him.",credible,unknown,2025-04-28T15:02:47.693386
One dead and multiple injured after hit-and-run boat crash in Florida,https://www.bbc.com/news/articles/cr78x8jeykno,"Mon, 28 Apr 2025 09:19:36 GMT",BBC News,"The Clearwater Ferry, which had 45 people on board, was struck by a boat which then fled the scene.",credible,unknown,2025-04-28T15:02:47.693468
"Critical week for US's future in Ukraine-Russia talks, Rubio says",https://www.bbc.com/news/articles/c20z20kyvxxo,"Mon, 28 Apr 2025 08:47:59 GMT",BBC News,"It is a ""very critical"" week for the White House and its involvement, Secretary of State Marco Rubio tells US media.",credible,unknown,2025-04-28T15:02:47.693563
BBC News app,https://www.bbc.co.uk/news/10628994,"Tue, 20 Aug 2024 11:35:33 GMT",BBC News,"Top stories, breaking news, live reporting, and follow news topics that match your interests",credible,unknown,2025-04-28T15:02:47.693645
The Mangione Trial,https://www.bbc.co.uk/sounds/play/w3ct7y4j,"Fri, 25 Apr 2025 22:51:00 GMT",BBC News,Luigi Mangione enters his plea in death penalty federal charges,credible,unknown,2025-04-28T15:02:47.693728
Trump & Zelensky Meet At The Pope's Funeral,https://www.bbc.co.uk/sounds/play/p0l6nmrx,"Sat, 26 Apr 2025 13:37:00 GMT",BBC News,The presidents talk about a path to peace in St Peter’s Basilica.,credible,unknown,2025-04-28T15:02:47.693829
"'A moment 35 years in the making, this was Anfield's day of destiny'",https://www.bbc.com/sport/football/articles/c7vn92498zyo,"Sun, 27 Apr 2025 20:48:36 GMT",BBC News,"Liverpool's outpouring of emotion after clinching the Premier League title was a day of celebration 35 years in the making, writes Phil McNulty.",credible,unknown,2025-04-28T15:02:47.693923
"Trump pockets £100,000 prize for 100 centuries",https://www.bbc.com/sport/snooker/articles/c1wd2wrxjg9o,"Sun, 27 Apr 2025 21:58:12 GMT",BBC News,"World number one Judd Trump pockets a £100,000 bonus after he reaches the 100-century mark this season during his World Championship last-16 tie with Shaun Murphy.",credible,unknown,2025-04-28T15:02:47.694013
Falcons apologise to Sanders over prank call,https://www.bbc.com/sport/american-football/articles/cx2yjyk7qn8o,"Mon, 28 Apr 2025 08:35:58 GMT",BBC News,The Atlanta Falcons apologise to Shedeur Sanders after their defensive co-ordinator's son helps to prank call the quarterback during the NFL Draft.,credible,unknown,2025-04-28T15:02:47.694097
'Liverpool still need new blood' - where will Slot strengthen?,https://www.bbc.com/sport/football/articles/cyvq6vn0ggno,"Mon, 28 Apr 2025 06:25:15 GMT",BBC News,"Liverpool must still rebuild with major signings despite winning the Premier League, says BBC Sport chief football writer Phil McNulty.",credible,unknown,2025-04-28T15:02:47.694195
Man City beat Forest to reach FA Cup final,https://www.bbc.com/sport/football/videos/cdrgp43d8j2o,"Sun, 27 Apr 2025 17:52:14 GMT",BBC News,Goals from Rico Lewis and Josko Gvardiol help Manchester City brush aside a luckless Nottingham Forest to reach a third successive FA Cup final.,credible,unknown,2025-04-28T15:02:47.694286
Meet the heavyweight who teaches sign language,https://www.bbc.com/sport/boxing/articles/cevdnm3v988o,"Mon, 28 Apr 2025 05:23:34 GMT",BBC News,"Meet Grace Buckle, a unique heavyweight who wants to make the women's heaviest division as big as the men's.",credible,unknown,2025-04-28T15:02:47.694368
New Details Emerge on Trump Officials’ Sprint to Gut Consumer Bureau Staff,https://www.nytimes.com/2025/04/27/business/cfpb-layoffs-trump-musk-doge.html,"Sun, 27 Apr 2025 22:24:25 +0000",New York Times,Emails and testimonials from workers at the Consumer Financial Protection Bureau document the administration’s efforts to lay off 90 percent of the employees.,credible,unknown,2025-04-28T15:02:50.011455
"2 U.S. Citizen Children Were Deported to Honduras With Their Mother, Lawyer Says",https://www.nytimes.com/2025/04/27/us/politics/us-citizen-children-deported-honduras-trump.html,"Sun, 27 Apr 2025 23:32:34 +0000",New York Times,"The children, 4 and 7, were put on a plane with their mother, who was deported. The family’s lawyer said the mother was given no choice but to take her children, which the Trump administration denied.",credible,unknown,2025-04-28T15:02:50.011573
U.S. Dollar’s Weakness Creates an Opportunity for the Euro. Can It Last?,https://www.nytimes.com/2025/04/28/business/us-dollar-euro-trade-trump.html,"Mon, 28 Apr 2025 04:01:04 +0000",New York Times,European officials see the concern over the “safe haven” reputation of U.S. financial assets as a chance to attract investors.,credible,unknown,2025-04-28T15:02:50.011673
Trump’s Tariffs Prompt Wave of Lawsuits,https://www.nytimes.com/2025/04/27/us/politics/trump-tariffs-lawsuits.html,"Sun, 27 Apr 2025 16:22:27 +0000",New York Times,The cases are the latest test of the president’s expansive claims of executive power.,credible,unknown,2025-04-28T15:02:50.011764
Rubio Says Trump Will Decide This Week on Continuing Ukraine War Talks,https://www.nytimes.com/2025/04/27/us/politics/trump-ukraine-rubio-zelensky-putin.html,"Mon, 28 Apr 2025 09:01:51 +0000",New York Times,"Secretary of State Marco Rubio said there are reasons to be optimistic, but also asserted there are “other issues” on which the administration wants to spend its energy.",credible,unknown,2025-04-28T15:02:50.011855
​North Korea Confirms It Sent Troops to Fight for Russia,https://www.nytimes.com/2025/04/27/world/asia/north-korea-troops-russia.html,"Mon, 28 Apr 2025 07:30:34 +0000",New York Times,"Its leader, Kim Jong-un, ordered a monument for soldiers killed in the war against Ukraine and praised their “heroism and bravery​.”",credible,unknown,2025-04-28T15:02:50.011944
One Key to a Successful Campaign for Pope? Act Like You’re Not Campaigning.,https://www.nytimes.com/2025/04/28/world/europe/pope-conclave-campaigning.html,"Mon, 28 Apr 2025 04:01:05 +0000",New York Times,Crucial meetings will be held this week in which contenders begin jockeying in earnest for the job of leading the Roman Catholic Church.,credible,unknown,2025-04-28T15:02:50.012033
Decoding the Vatican: Key Terms in the Papal Transition,https://www.nytimes.com/2025/04/26/world/europe/pope-death-election-words-definition.html,"Sat, 26 Apr 2025 16:21:28 +0000",New York Times,"From “camerlengo” to “white smoke,” here’s what to know about the words and phrases that guide the process after a pope dies.",credible,unknown,2025-04-28T15:02:50.012137
How Labubus Turned Into a Global Sensation,https://www.nytimes.com/2025/04/27/style/labubus-pop-mart-toys.html,"Sun, 27 Apr 2025 09:04:02 +0000",New York Times,"Online and in person, people are clamoring to get their hands on Labubus, which are dolls that are “well-intentioned” but somewhat mischievous.",credible,unknown,2025-04-28T15:02:50.012229
"Israeli Military Strikes Near Beirut, Saying Hezbollah Was the Target",https://www.nytimes.com/2025/04/27/world/middleeast/israel-strike-beirut-hezbollah.html,"Sun, 27 Apr 2025 19:11:49 +0000",New York Times,The attack raised concerns that the cease-fire that ended a war between Israel and Lebanese militants might be in jeopardy.,credible,unknown,2025-04-28T15:02:50.012314
Netanyahu Accuses Israel’s Domestic Security Chief of Lying to Court,https://www.nytimes.com/2025/04/27/world/middleeast/israel-netanyahu-ronen-bar.html,"Mon, 28 Apr 2025 02:43:52 +0000",New York Times,"Intent on firing the Shin Bet chief, Ronen Bar, Prime Minister Benjamin Netanyahu denounced him in a sharp affidavit, deepening national political divisions.",credible,unknown,2025-04-28T15:02:50.012402
Protests Against Israeli Official Heat Up Outside Synagogue in Brooklyn,https://www.nytimes.com/2025/04/27/nyregion/protests-ben-gvir-israel-brooklyn-synagogue.html,"Mon, 28 Apr 2025 02:24:59 +0000",New York Times,Mayor Eric Adams said the police were investigating reports of “despicable” actions by pro-Israel counterprotesters outside a Brooklyn synagogue where a far-right Israeli official had spoken.,credible,unknown,2025-04-28T15:02:50.012496
U.S. Military Says Its Air Campaign Has Hit More Than 800 Targets in Yemen,https://www.nytimes.com/2025/04/27/us/politics/military-targets-houthis-yemen.html,"Mon, 28 Apr 2025 02:07:09 +0000",New York Times,President Trump ordered a start to the strikes against the Houthis on March 15. Congressional officials say the campaign has cost well over $1 billion.,credible,unknown,2025-04-28T15:02:50.012584
‘60 Minutes’ Rebukes Paramount On-Air Over Executive Producer’s Exit,https://www.nytimes.com/2025/04/27/business/media/60-minutes-scott-pelley-paramount.html,"Mon, 28 Apr 2025 02:51:38 +0000",New York Times,"The show’s top producer abruptly said last week he was quitting. “Paramount began to supervise our content in new ways,” the correspondent Scott Pelley told viewers.",credible,unknown,2025-04-28T15:02:50.012673
Families Split as India and Pakistan Cancel Visas After Kashmir Attack,https://www.nytimes.com/2025/04/28/world/asia/india-pakistan-visas-kashmir.html,"Mon, 28 Apr 2025 07:59:18 +0000",New York Times,"The repercussions from a terrorist attack led to painful scenes at the countries’ border, as families with mixed citizenship were suddenly divided.",credible,unknown,2025-04-28T15:02:50.012759
India Seems to Be Building Its Case for Striking Pakistan,https://www.nytimes.com/2025/04/27/world/asia/india-pakistan-kashmir.html,"Sun, 27 Apr 2025 11:02:42 +0000",New York Times,"As world powers face multiple crises, the one set off by a terror attack in Kashmir is getting scant attention or help in de-escalating between nuclear-armed neighbors.",credible,unknown,2025-04-28T15:02:50.012843
"Titanic Survivor’s Letter, Written Aboard the Ship, Sells for Nearly $400,000",https://www.nytimes.com/2025/04/27/world/europe/titanic-survivor-letter-auction.html,"Sun, 27 Apr 2025 19:07:19 +0000",New York Times,Col. Archibald Gracie wrote the letter while traveling on the Titanic days before the ship sank and plunged him into the icy North Atlantic.,credible,unknown,2025-04-28T15:02:50.012926
A Road Map of Trump’s Lawless Presidency,https://www.nytimes.com/2025/04/28/opinion/trump-constitution-rule-of-law.html,"Mon, 28 Apr 2025 09:01:01 +0000",New York Times,A diverse group of legal scholars flash red warning lights about the future of America.,credible,unknown,2025-04-28T15:02:50.013008
All Good Things Come to an End. What About Bad Things?,https://www.nytimes.com/2025/04/28/opinion/trump-pope-dialogue-future.html,"Mon, 28 Apr 2025 09:01:47 +0000",New York Times,We cannot forget that so much of our Trump trauma comes from electing a reality TV star as president.,credible,unknown,2025-04-28T15:02:50.013088
At Least 11 People Killed After Car Plows Into Vancouver Filipino Festival,https://www.nytimes.com/2025/04/27/world/asia/vancouver-festival-vehicle-ramming-deaths.html,"Mon, 28 Apr 2025 07:12:16 +0000",New York Times,"Dozens of people were also reported injured after a car drove into a Filipino community festival in British Columbia, the police said.",credible,unknown,2025-04-28T15:02:50.013183
One Person Killed as Boat Collides With Ferry in Florida,https://www.nytimes.com/2025/04/27/us/boat-ferry-crash-florida.html,"Mon, 28 Apr 2025 04:16:30 +0000",New York Times,"The ferry was carrying 45 people when it was struck near a bridge in Clearwater, Fla. Other people were injured, the police said.",credible,unknown,2025-04-28T15:02:50.013264
"Chubby Checker, Outkast and the White Stripes Will Join the Rock & Hall of Fame",https://www.nytimes.com/2025/04/27/arts/music/rock-and-roll-hall-of-fame-chubby-checker-white-stripes.html,"Mon, 28 Apr 2025 00:40:04 +0000",New York Times,"Joe Cocker, Cyndi Lauper, Bad Company and Soundgarden — but not Oasis or Phish — are also part of the 40th anniversary class.",credible,unknown,2025-04-28T15:02:50.013360
Rough Night for Republican at Town Hall in N.Y. Swing District,https://www.nytimes.com/2025/04/27/nyregion/mike-lawler-town-hall-trump.html,"Mon, 28 Apr 2025 03:48:27 +0000",New York Times,"Representative Mike Lawler faced shouts, groans and mockery at a high school auditorium in Rockland County.",credible,unknown,2025-04-28T15:02:50.013450
Palestinians Stream Back to Northern Gaza on Foot,https://www.wsj.com/articles/palestinians-flock-back-to-northern-gaza-on-foot-after-hostage-release-breakthrough-3f60e2db,"Mon, 27 Jan 2025 14:23:00 -0500",Wall Street Journal,Israel allowed displaced Gazans to begin crossing a military zone that bisects the enclave after a deadlock over hostage releases was broken.,credible,unknown,2025-04-28T15:02:52.748799
"Leading China Property Developer Reports Huge loss, in Sign of Widening Real-Estate Woes",https://www.wsj.com/articles/even-chinas-property-stalwart-isnt-immune-from-the-crisis-19799863,"Mon, 27 Jan 2025 12:32:00 -0500",Wall Street Journal,Troubles at Vanke raise questions about the continued spread of the property crisis and whether the Chinese state will step in.,credible,unknown,2025-04-28T15:02:52.748952
Freed Israeli Hostages Still Had Shrapnel in Their Bodies From Oct. 7 Attack,https://www.wsj.com/articles/freed-israeli-hostages-still-had-shrapnel-in-their-bodies-from-oct-7-attack-3de8cd1e,"Mon, 27 Jan 2025 12:12:00 -0500",Wall Street Journal,"Some of the women were held alone for extended periods and spent eight months in tunnels, an Israeli medical official said.",credible,unknown,2025-04-28T15:02:52.749091
Suspected Sabotage of Deep-Sea Cable Triggers First NATO-Led Response,https://www.wsj.com/articles/suspected-sabotage-of-deep-sea-cable-triggers-first-nato-led-response-337119ba,"Mon, 27 Jan 2025 11:22:00 -0500",Wall Street Journal,The alliance mounted its first coordinated response to a suspected sabotage campaign against critical infrastructure after another cable was severed in the Baltic Sea.,credible,unknown,2025-04-28T15:02:52.749359
Rwanda-Backed Rebels Enter Congo's Safe-Haven City,https://www.wsj.com/articles/rwanda-backed-rebels-enter-congo-safe-haven-city-aid-hub-09fdccb8,"Mon, 27 Jan 2025 10:07:00 -0500",Wall Street Journal,Residents of Goma reported gunfire and shelling after rebels overran Congolese troops. U.N. officials estimated that more than one million displaced people were now inside the city.,credible,unknown,2025-04-28T15:02:52.749548
Cocaine-Funded Gangs Shake Colombia Years After Peace Pact,https://www.wsj.com/articles/cocaine-funded-gangs-shake-colombia-years-after-peace-pact-a45a28da,"Mon, 27 Jan 2025 07:00:00 -0500",Wall Street Journal,Attacks by powerful militias against civilians reflect the state’s inaction eight years after a peace accord removed a powerful rebel group from the field.,credible,unknown,2025-04-28T15:02:52.749658
"Italy Supports Saudi Arabia Joining Fighter-Jet Program, PM Meloni Says",https://www.wsj.com/articles/italy-supports-saudi-arabia-joining-gcap-fighter-jet-program-pm-meloni-says-bbd9cec1,"Mon, 27 Jan 2025 05:34:00 -0500",Wall Street Journal,"The U.K., Italy and Japan have already partnered on the Global Combat Air Programme, which aims to put a new stealth fighter with supersonic capability in the skies by 2035.",credible,unknown,2025-04-28T15:02:52.749757
Shippers Wary of Red Sea Routes Despite Houthi Pledge to End Targeting,https://www.wsj.com/articles/shippers-wary-of-red-sea-routes-despite-houthi-pledge-to-end-targeting-4dde35c2,"Mon, 27 Jan 2025 01:05:00 -0500",Wall Street Journal,The world’s top three container operators said they fear instability in Gaza and broader regional tensions mean continued danger.,credible,unknown,2025-04-28T15:02:52.749849
Kim Jong Un Is Doing Everything He Can to Keep North Korea's Youth in Line,https://www.wsj.com/articles/kim-jong-un-is-doing-everything-he-can-to-keep-north-koreas-youth-in-line-0866a1de,"Mon, 27 Jan 2025 01:05:00 -0500",Wall Street Journal,"The dictator, eager to shut out the influence of Hollywood and K-pop, has been exalting a “shock brigade” of 300,000 teens and 20-somethings drafted into flood reconstruction.",credible,unknown,2025-04-28T15:02:52.749944
"Trump Says Colombia Will Accept Deportees, Ending Tariff Standoff",https://www.wsj.com/articles/trump-says-colombia-will-face-25-tariffs-amid-fight-over-deportation-flights-e32dc497,"Sun, 26 Jan 2025 22:59:00 -0500",Wall Street Journal,"The president has made immigration an early priority to start second term, with ICE making more than 900 arrests Sunday.",credible,unknown,2025-04-28T15:02:52.750031
Jeju Air Crash Probe Focuses On Engine Damage After Bird Strike,https://www.wsj.com/articles/jeju-air-crash-probe-focuses-on-engine-damage-after-bird-strike-3bafc2ff,"Sun, 26 Jan 2025 22:53:00 -0500",Wall Street Journal,"Pilots’ actions after that strike are an early focus of the investigation, according to people familiar with the probe.",credible,unknown,2025-04-28T15:02:52.750118
"Germany's Economic Model Is Broken, and No One Has a Plan B",https://www.wsj.com/articles/germany-economic-model-broken-exports-095a488d,"Sun, 26 Jan 2025 21:00:00 -0500",Wall Street Journal,"The country is focused on exports, but China is slowing imports and U.S. tariff threats are growing. Politicians are offering few alternatives.",credible,unknown,2025-04-28T15:02:52.750204
"Trump Says He Wants to 'Clean Out' Gaza, Send Refugees to Egypt and Jordan",https://www.wsj.com/articles/trump-says-he-wants-to-clean-out-gaza-send-refugees-to-egypt-and-jordan-d90beccc,"Sun, 26 Jan 2025 18:30:00 -0500",Wall Street Journal,"The president, calling the heavily bombed enclave “a demolition site,” proposed relocating Palestinians temporarily or long-term, a move rejected by Arab countries since the war began.",credible,unknown,2025-04-28T15:02:52.750296
Hamas Releases Four Female Israeli Soldiers Under Gaza Cease-Fire Deal,https://www.wsj.com/articles/israel-hamas-four-hostages-release-gaza-3ffd66f6,"Sat, 25 Jan 2025 13:45:00 -0500",Wall Street Journal,"The hostages are the second set to be released since the multiphase agreement came into effect, raising hopes for a lasting end to the war.",credible,unknown,2025-04-28T15:02:52.750381
Hamas Took More Than 200 Hostages From Israel. Here's What We Know.,https://www.wsj.com/articles/hamas-hostages-israel-gaza-41432124,"Sat, 25 Jan 2025 12:00:00 -0500",Wall Street Journal,"Israel says 91 hostages abducted on Oct. 7 remain in captivity, including the bodies of at least 34.",credible,unknown,2025-04-28T15:02:52.750468
U.N. and Congolese Troops Struggle to Halt Lightning Rebel Attack,https://www.wsj.com/articles/u-n-and-congolese-troops-struggle-to-halt-lightning-rebel-attack-705b481c,"Sat, 25 Jan 2025 09:32:00 -0500",Wall Street Journal,"Aid workers estimate as many as 300,000 people are fleeing advances by the Rwandan-backed M23 rebel group, which has taken two strategic towns on the approaches to Goma over the past several days.",credible,unknown,2025-04-28T15:02:52.750554
Who Are the Israeli Hostages Released by Hamas?,https://www.wsj.com/articles/who-israeli-hostages-released-hamas-gaza-efdfd57f,"Sat, 25 Jan 2025 06:57:00 -0500",Wall Street Journal,"Israelis held their breath as four soldiers, all women, were released from the Gaza Strip, the second group to be freed as part of a fragile cease-fire agreement with Hamas.",credible,unknown,2025-04-28T15:02:52.750638
The Latest Gaza Hostages Freed: Women Whose Hamas Warnings Were Ignored,https://www.wsj.com/articles/the-next-hostages-to-be-freed-women-whose-hamas-warnings-were-ignored-f17682a0,"Sat, 25 Jan 2025 05:05:00 -0500",Wall Street Journal,The swap for four soldiers stationed on the border of the Gaza Strip at Nahal Oz follows 15 months of captivity and a campaign by their families.,credible,unknown,2025-04-28T15:02:52.750720
"Beijing Signals Readiness to Talk to Trump's Team, Even Old Foes",https://www.wsj.com/articles/beijing-signals-readiness-to-talk-to-trumps-team-even-old-foes-2faddbec,"Fri, 24 Jan 2025 19:58:00 -0500",Wall Street Journal,"The Chinese foreign minister spoke by phone with Marco Rubio, the new secretary of state who has been a critic of Beijing.",credible,unknown,2025-04-28T15:02:52.750800
"Canada Is Becoming a Fentanyl Exporter, and a Target for Trump",https://www.wsj.com/articles/canada-fentanyl-increase-organized-crime-00886863,"Fri, 24 Jan 2025 17:56:00 -0500",Wall Street Journal,"The drug is increasingly manufactured in and trafficked from the U.S.’s northern neighbor, though the numbers remain small compared with Mexico.",credible,unknown,2025-04-28T15:02:52.750884
Supreme Court to hear school disability discrimination case,https://www.npr.org/2025/04/28/nx-s1-5374373/supreme-court-minnesota-disability-discrimination,"Mon, 28 Apr 2025 05:00:13 -0400",NPR,At issue is a case testing the reach of federal laws that promise special help for children with disabilities in public schools. Specifically: What do parents have to prove in order to get that specialized help?,credible,unknown,2025-04-28T15:02:55.160070
Financial stress can damage your mental health. These steps may help,https://www.npr.org/2025/04/28/nx-s1-5373993/financial-stress-job-loss-mental-health,"Mon, 28 Apr 2025 05:00:00 -0400",NPR,"With people losing their jobs and the stock market rocky, there's a lot of financial anxiety right now. Research shows how you approach it can be key to protecting your mental and physical health.",credible,unknown,2025-04-28T15:02:55.160204
Violinist Esther Abrami uncovers 'hidden treasure' of music by women,https://www.npr.org/2025/04/28/nx-s1-5286308/violinist-esther-abrami-female-composers-new-album,"Mon, 28 Apr 2025 05:00:00 -0400",NPR,"French violinist and social media influencer Esther Abrami releases her new album, Women, featuring music by female composers in a bid to redress historic biases.",credible,unknown,2025-04-28T15:02:55.160502
NATO chief calls for more defense spending from Europe and Canada,https://www.npr.org/2025/04/28/nx-s1-5377250/nato-us-talks-mark-rutte-spending-ukraine,"Mon, 28 Apr 2025 05:00:00 -0400",NPR,"President Trump has long been a critic of NATO and believes Europe does not contribute enough to its own defense. NATO Secretary General Mark Rutte agrees, and says 'that is going to happen.'",credible,unknown,2025-04-28T15:02:55.160644
Trump needs unity among Republicans to pass his budget bill. Can he get it?,https://www.npr.org/2025/04/28/g-s1-62678/trump-needs-unity-among-republicans-to-pass-his-budget-bill-can-he-get-it,"Mon, 28 Apr 2025 05:00:00 -0400",NPR,Congress returns from a two-week recess with a massive item on its to-do list: budget reconciliation. Lawmakers barely passed the plan's framework along party lines and now face an uphill battle on reaching consensus.,credible,unknown,2025-04-28T15:02:55.160776
What has DOGE done in Trump's first 100 days?,https://www.npr.org/2025/04/28/nx-s1-5377445/doge-musk-trump-100-days,"Mon, 28 Apr 2025 05:00:00 -0400",NPR,"100 days into President Trump's second term, DOGE hasn't delivered on its promised savings, efficiency or transparency in meaningful ways. But it has amassed unprecedented power over government data.",credible,unknown,2025-04-28T15:02:55.160902
Canada's election: all you need to know,https://www.npr.org/2025/04/28/nx-s1-5371658/canada-election-carney-trump-tariffs,"Mon, 28 Apr 2025 05:00:00 -0400",NPR,Canada's snap election has been dominated by one politician — who's not even in the race — President Trump.,credible,unknown,2025-04-28T15:02:55.160999
Florida authorities declare a 'mass casualty' in deadly boat crash near Clearwater,https://www.npr.org/2025/04/28/nx-s1-5379440/florida-deadly-boat-crash-clearwater,"Mon, 28 Apr 2025 01:08:54 -0400",NPR,"One person has died and several were injured Sunday when a boat crashed into a ferry off the Memorial Causeway Bridge and then fled the scene, authorities said.",credible,unknown,2025-04-28T15:02:55.161094
North Korea confirms it sent troops to Russia to support its war against Ukraine,https://www.npr.org/2025/04/28/nx-s1-5379436/north-korea-russia-ukraine-troops-putin-kim,"Mon, 28 Apr 2025 00:46:16 -0400",NPR,The North Korean announcement came two days after Russia said its troops have fully reclaimed the Kursk region. Ukrainian officials denied the claim.,credible,unknown,2025-04-28T15:02:55.161184
"Homes destroyed and 1,500 detained in Kashmir as India cracks down following attacks",https://www.npr.org/2025/04/27/nx-s1-5378630/india-kashmir-pakistan-crackdown-homes-destroyed,"Sun, 27 Apr 2025 18:23:20 -0400",NPR,"Indian authorities have detained at least 1,500 people in India-administered Kashmir after a militant attack killed 26 people this past week, a top police officer told NPR.",credible,unknown,2025-04-28T15:02:55.161284
Indian police detain ‘undocumented’ Bangladeshi migrants,https://www.aljazeera.com/program/newsfeed/2025/4/28/indian-police-detain-undocumented-bangladeshi-migrants?traffic_source=rss,"Mon, 28 Apr 2025 09:03:46 +0000",Al Jazeera,"Indian police have detained over 1,000 Bangladeshis in a major crackdown on alleged undocumented migrants in Gujarat.",credible,unknown,2025-04-28T15:02:57.612519
India and Pakistan continue to trade fire across Kashmir border,https://www.aljazeera.com/news/2025/4/28/india-and-pakistan-continue-to-trade-fire-across-kashmir-border?traffic_source=rss,"Mon, 28 Apr 2025 08:57:17 +0000",Al Jazeera,Fears of wider military escalation persist following deadly attack on resort town of Pahalgam.,credible,unknown,2025-04-28T15:02:57.612651
Ukraine ready to ‘give up’ Crimea says Trump,https://www.aljazeera.com/program/newsfeed/2025/4/28/ukraine-ready-to-give-up-crimea-says-trump?traffic_source=rss,"Mon, 28 Apr 2025 07:28:10 +0000",Al Jazeera,"Speaking to reporters US President Donald Trump said Ukrainian leader Volodymyr Zelenskyy is ready to “give up” Crimea,",credible,unknown,2025-04-28T15:02:57.612775
Usyk vs Dubois rematch: Heavyweight fight confirmed for July 19 in London,https://www.aljazeera.com/sports/2025/4/28/usyk-vs-dubois-2-confirmed-for-july-19-in-london?traffic_source=rss,"Mon, 28 Apr 2025 07:27:28 +0000",Al Jazeera,The Oleksandr Usyk-Daniel Dubois rematch for undisputed heavyweight world championship has been officially scheduled.,credible,unknown,2025-04-28T15:02:57.612894
"Russia-Ukraine war: List of key events, day 1,159",https://www.aljazeera.com/news/2025/4/28/russia-ukraine-war-list-of-key-events-day-1159?traffic_source=rss,"Mon, 28 Apr 2025 07:18:09 +0000",Al Jazeera,"These are the key events on day 1,159 of Russia’s war on Ukraine.",credible,unknown,2025-04-28T15:02:57.613008
"Lights, Camera, Franchise! Hollywood’s summer schedule",https://www.aljazeera.com/program/money-works/2025/4/28/mw-movie-franchise-280425?traffic_source=rss,"Mon, 28 Apr 2025 06:49:59 +0000",Al Jazeera,A look at the get-rich-quick formula that the movie industry has discovered keeps those cash registers ringing.,credible,unknown,2025-04-28T15:02:57.613123
Manila denies China ‘dealt with’ Philippine mission to disputed reef,https://www.aljazeera.com/news/2025/4/28/manila-denies-china-dealt-with-philippine-mission-to-disputed-reef?traffic_source=rss,"Mon, 28 Apr 2025 06:36:39 +0000",Al Jazeera,Philippine officials say a mission visited Sandy Cay Reef in disputed South China Sea and unfurled the national flag.,credible,unknown,2025-04-28T15:02:57.613257
US strikes on Yemen kill dozens as migrant detention centre hit,https://www.aljazeera.com/news/2025/4/28/at-least-8-killed-in-latest-us-air-attacks-on-yemens-capital-saana?traffic_source=rss,"Mon, 28 Apr 2025 04:03:31 +0000",Al Jazeera,Attacks on Sanaa and Saada raise death toll to more than 250 people since US strikes on Yemen launched in mid-March.,credible,unknown,2025-04-28T15:02:57.613375
‘Burst balloon’: How Pahalgam attack shattered Modi’s Kashmir narrative,https://www.aljazeera.com/news/2025/4/28/burst-balloon-how-pahalgam-attack-shattered-modis-kashmir-narrative?traffic_source=rss,"Mon, 28 Apr 2025 03:58:31 +0000",Al Jazeera,"Since 2019, Modi government has argued Kashmir was returning to 'normalcy'. The attack exposed holes in its approach.",credible,unknown,2025-04-28T15:02:57.613582
North Korea confirms soldiers sent to fight with Russia against Ukraine,https://www.aljazeera.com/news/2025/4/28/north-korea-confirms-soldiers-sent-to-fight-with-russia-against-ukraine?traffic_source=rss,"Mon, 28 Apr 2025 02:32:12 +0000",Al Jazeera,North Korean leader Kim Jong Un says troops sent to 'annihilate' Ukrainian forces under military pact with Moscow.,credible,unknown,2025-04-28T15:02:57.613739
Bangkok earthquake: Will Thailand fall out of love with skyscrapers?,https://www.aljazeera.com/news/2025/4/27/will-bangkok-fall-out-of-love-with-skyscrapers-after-earthquake-rocks-city?traffic_source=rss,"Sun, 27 Apr 2025 23:46:13 +0000",Al Jazeera,Some residents of the world's 12th tallest city fear returning to high-rise living a month on from earthquake.,credible,unknown,2025-04-28T15:02:57.613874
Will Vatican City sit-down between Trump and Zelenskyy turn into peace?,https://www.aljazeera.com/video/inside-story/2025/4/27/will-vatican-city-sit-down-between-trump-and-zelenskyy-turn-into-peace?traffic_source=rss,"Sun, 27 Apr 2025 20:09:09 +0000",Al Jazeera,The US president says a deal is 'very close 'as he criticises Russia's leader.,credible,unknown,2025-04-28T15:02:57.614024
Can the US broker a Ukraine ceasefire?,https://www.aljazeera.com/program/the-bottom-line/2025/4/27/can-the-us-broker-a-ukraine-ceasefire?traffic_source=rss,"Sun, 27 Apr 2025 20:01:42 +0000",Al Jazeera,"Russia expert Anatol Lieven explores the options facing Ukraine, Russia and the US.",credible,unknown,2025-04-28T15:02:57.614147
Sudan Doctors Network accuses RSF of ‘war crimes’ after 31 killed,https://www.aljazeera.com/news/2025/4/27/sudan-doctors-network-accuses-rsf-of-war-crimes-after-31-killed?traffic_source=rss,"Sun, 27 Apr 2025 19:28:59 +0000",Al Jazeera,"Since April 2023, the RSF has been battling Sudan's army for control of the country in a brutal civil war.",credible,unknown,2025-04-28T15:02:57.614306
"Liverpool ‘truly deserve’ to be Premier League champions, van Dijk says",https://www.aljazeera.com/sports/2025/4/27/liverpool-truly-deserve-to-be-premier-league-champions-says-van-dijk?traffic_source=rss,"Sun, 27 Apr 2025 18:54:29 +0000",Al Jazeera,Liverpool beat Tottenham Hotspur 5-1 at Anfield to claim the Premier League title with four games to spare.,credible,unknown,2025-04-28T15:02:57.614428
Pope Francis laid to rest in Rome after funeral attended by thousands,https://www.aljazeera.com/news/2025/4/27/pope-francis-laid-to-rest-in-rome-after-funeral-attended-by-thousands-2?traffic_source=rss,"Sun, 27 Apr 2025 18:33:28 +0000",Al Jazeera,Mourners gather at the Vatican to honour pontiff in an emotional farewell filled with prayer and reflection.,credible,unknown,2025-04-28T15:02:57.614544
Liverpool net record-equalling 20th Premier League title by thrashing Spurs,https://www.aljazeera.com/sports/2025/4/27/liverpool-net-record-equalling-20th-premier-league-title-by-thrashing-spurs?traffic_source=rss,"Sun, 27 Apr 2025 18:26:12 +0000",Al Jazeera,Liverpool equal Manchester United's 20 titles in English top-flight football by beating Spurs 5-1 at Anfield.,credible,unknown,2025-04-28T15:02:57.614671
"Saudi Arabia, Qatar to settle Syria’s outstanding debt to World Bank",https://www.aljazeera.com/news/2025/4/27/saudi-arabia-qatar-to-settle-syrias-outstanding-debt-to-world-bank?traffic_source=rss,"Sun, 27 Apr 2025 18:14:09 +0000",Al Jazeera,Syria's arrears to the World Bank total roughly $15m.,credible,unknown,2025-04-28T15:02:57.614802
China’s Huawei develops new AI chip to compete with US’s Nvidia: Report,https://www.aljazeera.com/news/2025/4/27/chinas-huawei-develops-new-ai-chip-to-compete-with-uss-nvidia-report?traffic_source=rss,"Sun, 27 Apr 2025 18:09:17 +0000",Al Jazeera,The chip is in early development and will undergo a series of tests before it will be deemed ready for customer use.,credible,unknown,2025-04-28T15:02:57.614928
Israel bombs Beirut; President Aoun calls for international pressure,https://www.aljazeera.com/news/2025/4/27/israel-bombs-beirut-president-aoun-calls-for-international-pressure?traffic_source=rss,"Sun, 27 Apr 2025 17:16:28 +0000",Al Jazeera,"Israel has violated the November ceasefire multiple times, attacking the Lebanese capital and the south.",credible,unknown,2025-04-28T15:02:57.615043
"Greenland will never be ‘piece of property’ to be bought, PM says",https://www.aljazeera.com/news/2025/4/27/greenland-will-never-be-piece-of-property-to-be-bought-pm-says?traffic_source=rss,"Sun, 27 Apr 2025 16:05:14 +0000",Al Jazeera,Repeated threats by US to seize Greenland loom over Nielsen's first visit to Denmark since taking office.,credible,unknown,2025-04-28T15:02:57.615184
‘A tree is worth more’: Sudanese civilians fleeing RSF attacks on Zamzam,https://www.aljazeera.com/news/2025/4/27/a-tree-is-worth-more-the-civilians-who-fled-zamzam-as-the-rsf-attacked?traffic_source=rss,"Sun, 27 Apr 2025 15:51:08 +0000",Al Jazeera,"Hundreds have been killed, injured, assaulted, kidnapped. Here are stories of painful loss from Darfur.",credible,unknown,2025-04-28T15:02:57.615303
"Iran’s President Pezeshkian visits injured, site of deadly port explosion",https://www.aljazeera.com/news/2025/4/27/irans-president-pezeshkian-visits-injured-site-of-deadly-port-explosion?traffic_source=rss,"Sun, 27 Apr 2025 15:28:48 +0000",Al Jazeera,"The fiery blast at the Shahid Rajaee port in southern Iran has killed at least 40 people and wounded some 1,000 others.",credible,unknown,2025-04-28T15:02:57.615411
Suspect in France mosque attack that killed Malian man on the run,https://www.aljazeera.com/news/2025/4/27/suspect-in-france-mosque-attack-that-killed-malian-man-on-the-run?traffic_source=rss,"Sun, 27 Apr 2025 15:03:36 +0000",Al Jazeera,Marches 'against Islamophobia' have been organised throughout France in the victim's memory.,credible,unknown,2025-04-28T15:02:57.615548
Qatar hints at progress in Gaza truce talks as UN urges lifting of blockade,https://www.aljazeera.com/news/2025/4/27/qatar-hints-at-progress-in-gaza-truce-talks-as-un-urges-lifting-of-blockade?traffic_source=rss,"Sun, 27 Apr 2025 14:43:49 +0000",Al Jazeera,Qatar says 'a bit of progress' made in Israel-Hamas ceasefire talks as food crisis in Palestinian territory worsens.,credible,unknown,2025-04-28T15:02:57.615680
"In HBO’s The Last of Us, revenge is a dish best served democratically",https://arstechnica.com/culture/2025/04/in-hbos-the-last-of-us-revenge-is-a-dish-best-served-democratically/,"Mon, 28 Apr 2025 02:00:21 +0000",Ars Technica,Our remaining heroes (and us) come to terms with what happened last week.,credible,unknown,2025-04-28T15:02:59.951053
"Revisiting iZombie, 10 years later",https://arstechnica.com/culture/2025/04/revisiting-izombie-10-years-later/,"Sun, 27 Apr 2025 19:23:29 +0000",Ars Technica,"We loved the show's wicked humor, great characters, and mix of cases-of-the-week with longer narrative arcs.",credible,unknown,2025-04-28T15:02:59.951173
“You wouldn’t steal a car” anti-piracy campaign may have used pirated fonts,https://arstechnica.com/gadgets/2025/04/you-wouldnt-steal-a-car-anti-piracy-campaign-may-have-used-pirated-fonts/,"Sun, 27 Apr 2025 11:15:52 +0000",Ars Technica,Digging into archived site points to use of questionable text styling.,credible,unknown,2025-04-28T15:02:59.951282
Is The Elder Scrolls IV: Oblivion still fun for a first-time player in 2025?,https://arstechnica.com/gaming/2025/04/is-the-elder-scrolls-iv-oblivion-still-fun-for-a-first-time-player-in-2025/,"Sat, 26 Apr 2025 11:08:34 +0000",Ars Technica,How does a fresh coat of paint help this 19-year-old RPG against modern competition?,credible,unknown,2025-04-28T15:02:59.951407
Weapons of war are launching from Cape Canaveral for the first time since 1988,https://arstechnica.com/space/2025/04/weapons-of-war-are-launching-from-cape-canaveral-for-the-first-time-since-1988/,"Sat, 26 Apr 2025 00:21:05 +0000",Ars Technica,"Unlike a recent hypersonic missile test, officials didn't immediately confirm Friday's flight was a success.",credible,unknown,2025-04-28T15:02:59.951556
"With over 900 US measles cases so far this year, things are looking bleak",https://arstechnica.com/health/2025/04/this-is-shaping-up-to-be-the-worst-year-for-us-measles-cases-since-the-1990s/,"Fri, 25 Apr 2025 22:03:45 +0000",Ars Technica,"US hasn't seen this many cases this early in a year since the 1990s before we hit ""elimination.""",credible,unknown,2025-04-28T15:02:59.951717
Mike Lindell’s lawyers used AI to write brief—judge finds nearly 30 mistakes,https://arstechnica.com/tech-policy/2025/04/mypillow-ceos-lawyers-used-ai-in-brief-citing-fictional-cases-judge-says/,"Fri, 25 Apr 2025 21:53:07 +0000",Ars Technica,"Lindell brief has many defects including ""cases that do not exist,"" judge says.",credible,unknown,2025-04-28T15:02:59.951885
New study shows why simulated reasoning AI models don’t yet live up to their billing,https://arstechnica.com/ai/2025/04/new-study-shows-why-simulated-reasoning-ai-models-dont-yet-live-up-to-their-billing/,"Fri, 25 Apr 2025 21:43:09 +0000",Ars Technica,Top AI models excel at math problems but lack reasoning needed for Math Olympiad proofs.,credible,unknown,2025-04-28T15:02:59.952047
Looming tariffs are making it extra hard to be a tech geek,https://arstechnica.com/gadgets/2025/04/looming-tariffs-are-making-it-extra-hard-to-be-a-tech-geek/,"Fri, 25 Apr 2025 21:33:42 +0000",Ars Technica,Looming tariffs are already making electronics shopping harder.,credible,unknown,2025-04-28T15:02:59.952194
New study: There are lots of icy super-Earths,https://arstechnica.com/science/2025/04/new-study-there-are-lots-of-icy-super-earths/,"Fri, 25 Apr 2025 21:06:25 +0000",Ars Technica,"""Microlensing"" lets us find planets at much greater distances from their star.",credible,unknown,2025-04-28T15:02:59.952338
Netflix introduces a new kind of subtitles for the non-hearing impaired,https://arstechnica.com/gadgets/2025/04/cant-understand-dialogue-on-tv-shows-netflix-has-a-new-feature-for-you/,"Fri, 25 Apr 2025 20:48:44 +0000",Ars Technica,Just the dialogue—no sound effects or music cues.,credible,unknown,2025-04-28T15:02:59.952499
FBI offers $10 million for information about Salt Typhoon members,https://arstechnica.com/security/2025/04/fbi-offers-10-million-for-information-about-salt-typhoon-members/,"Fri, 25 Apr 2025 20:38:02 +0000",Ars Technica,FBI accepts tips by TOR in likely attempt to woo China-based informants.,credible,unknown,2025-04-28T15:02:59.952663
"Thermal imaging shows xAI lied about supercomputer pollution, group says",https://arstechnica.com/tech-policy/2025/04/elon-musks-xai-accused-of-lying-to-black-communities-about-harmful-pollution/,"Fri, 25 Apr 2025 19:15:32 +0000",Ars Technica,xAI faces calls to deny permits to power gas turbines at supercomputer facility.,credible,unknown,2025-04-28T15:02:59.953089
Google announces 1st and 2nd gen Nest Thermostats will lose support in October 2025,https://arstechnica.com/gadgets/2025/04/google-ending-support-for-older-nest-thermostats-will-stop-selling-nests-in-europe/,"Fri, 25 Apr 2025 18:58:52 +0000",Ars Technica,"Affected units will work locally, but smart features will shut down in October.",credible,unknown,2025-04-28T15:02:59.953299
Silicon Valley billionaires literally want the impossible,https://arstechnica.com/culture/2025/04/youre-not-going-to-mars-and-you-wont-live-forever-exploding-silicon-valleys-ideology/,"Fri, 25 Apr 2025 18:41:43 +0000",Ars Technica,"Ars chats with physicist and science journalist Adam Becker about his new book, More Everything Forever.",credible,unknown,2025-04-28T15:02:59.953618
Microsoft rolls Windows Recall out to the public nearly a year after announcing it,https://arstechnica.com/gadgets/2025/04/microsoft-rolls-windows-recall-out-to-the-public-nearly-a-year-after-announcing-it/,"Fri, 25 Apr 2025 17:00:48 +0000",Ars Technica,The improved Recall still tries to record everything you do on your PC.,credible,unknown,2025-04-28T15:02:59.953802
Report: TP-Link’s low router prices probed in criminal antitrust investigation,https://arstechnica.com/tech-policy/2025/04/tp-links-low-router-prices-and-china-ties-reportedly-spark-us-investigation/,"Fri, 25 Apr 2025 16:54:38 +0000",Ars Technica,TP-Link denies selling products below cost amid allegation of predatory pricing.,credible,unknown,2025-04-28T15:02:59.953970
A grim signal: Atmospheric CO2 soared in 2024,https://arstechnica.com/science/2025/04/a-grim-signal-atmospheric-co2-soared-in-2024/,"Fri, 25 Apr 2025 16:25:21 +0000",Ars Technica,"Scientists are worried because they can’t fully explain the big jump, but it might mean that carbon absorption is slowing down.",credible,unknown,2025-04-28T15:02:59.954170
“We’re in a race with China”—DOT eases autonomous car rules,https://arstechnica.com/cars/2025/04/feds-ease-rules-for-autonomous-vehicle-testing-to-compete-with-china/,"Fri, 25 Apr 2025 14:12:04 +0000",Ars Technica,Domestic AVs can now get FMVSS exemptions for no rearview mirrors or steering wheels.,credible,unknown,2025-04-28T15:02:59.954904
"In the age of AI, we must protect human creativity as a natural resource",https://arstechnica.com/ai/2025/04/in-the-age-of-ai-we-must-protect-human-creativity-as-a-natural-resource/,"Fri, 25 Apr 2025 11:00:57 +0000",Ars Technica,"Op-ed: As AI outputs flood the Internet, diverse human perspectives are our most valuable resource.",credible,unknown,2025-04-28T15:02:59.955226
"President Trump: Tariffs Will Lead to Income Tax Relief, Even Elimination",https://www.breitbart.com/economy/2025/04/27/president-trump-tariffs-will-lead-to-income-tax-relief-even-elimination/,"Sun, 27 Apr 2025 23:36:27 +0000",Breitbart,"President Donald Trump said Sunday that his tariff policy will substantially reduce, even “completely eliminate,” income taxes for some American workers. The post President Trump: Tariffs Will Lead to Income Tax Relief, Even Elimination appeared first on Breitbart.",questionable,unknown,2025-04-28T15:03:04.201421
WATCH: Feds Bust 114 Illegal Aliens During Raid at Colorado Underground Nightclub,https://www.breitbart.com/immigration/2025/04/27/feds-bust-114-illegal-aliens-raid-underground-nightclub-colorado/,"Mon, 28 Apr 2025 01:12:36 +0000",Breitbart,"Over 100 illegal aliens were busted during a raid at an underground nightclub in Colorado Springs, Colorado, on Sunday morning. The post WATCH: Feds Bust 114 Illegal Aliens During Raid at Colorado Underground Nightclub appeared first on Breitbart.",questionable,unknown,2025-04-28T15:03:04.202030
Trump: 'I'm Bringing Columbus Day Back from the Ashes',https://www.breitbart.com/politics/2025/04/27/trump-im-bringing-columbus-day-back-from-the-ashes/,"Sun, 27 Apr 2025 22:34:42 +0000",Breitbart,"President Donald Trump announced Sunday that he is ""bringing Columbus Day back from the ashes"" after ""the Democrats did everything possible to destroy"" 15th century Italian explorer Christopher Columbus, who the Italians love. The post Trump: ‘I’m Bringing Columbus Day Back from the Ashes’ appeared first on Breitbart.",questionable,unknown,2025-04-28T15:03:04.202482
'I Will Refuse to Hold Court': Activist Wisconsin Judge Threatens Boycott After Hannah Dugan Charged with Shielding Illegal Alien from ICE,https://www.breitbart.com/immigration/2025/04/27/i-will-refuse-to-hold-court-activist-wisconsin-judge-issues-threat-after-hannah-dugan-charged-with-shielding-illegal-from-ice/,"Sun, 27 Apr 2025 21:16:46 +0000",Breitbart,"A leftist judge in Sawyer County, Wisconsin, is threatening a courtroom boycott after a fellow judge was accused of shielding an illegal alien from federal authorities. The post ‘I Will Refuse to Hold Court’: Activist Wisconsin Judge Threatens Boycott After Hannah Dugan Charged with Shielding Illegal Alien from ICE appeared first on Breitbart.",questionable,unknown,2025-04-28T15:03:04.203023
Report: Police Bust Illegal Accused of Swiping DHS Secretary Kristi Noem's Purse,https://www.breitbart.com/crime/2025/04/27/report-police-bust-illegal-accused-of-swiping-dhs-secretary-kristi-noems-purse/,"Sun, 27 Apr 2025 14:44:55 +0000",Breitbart,"Authorities have reportedly arrested an illegal alien after Homeland Security Secretary Kristi Noem's purse was stolen from a Washington, DC, restaurant over the Easter weekend. The post Report: Police Bust Illegal Accused of Swiping DHS Secretary Kristi Noem’s Purse appeared first on Breitbart.",questionable,unknown,2025-04-28T15:03:04.203441
Catholic Faithful Pay Respects to Pope Francis as His Tomb Opens to The Public,https://www.breitbart.com/europe/2025/04/27/catholic-faithful-pay-respects-to-pope-francis-as-his-tomb-opens-to-the-public/,"Sun, 27 Apr 2025 10:59:24 +0000",Breitbart,"Roman Catholic faithful began visiting the tomb of Pope Francis on Sunday, filing past the simple white tomb in St. Mary Major Basilica a day after he was bade farewell by the powerful of the world and a crowd of hundreds of thousands. The post Catholic Faithful Pay Respects to Pope Francis as His Tomb Opens to The Public appeared first on Breitbart.",questionable,unknown,2025-04-28T15:03:04.204005
Christie: SCOTUS Presidential Immunity Ruling Could Cover Wisconsin Judge,https://www.breitbart.com/clips/2025/04/27/christie-scotus-presidential-immunity-ruling-could-cover-wisconsin-judge/,"Sun, 27 Apr 2025 18:35:47 +0000",Breitbart,"Sunday on ABC's ""This Week"" former Gov. Chris Christie (R-NJ) suggested the Supreme Court ruling that a president is immune from prosecution when exercising the core powers of the office could help Judge Hannah Dugan who was charged with obstruction and concealment. The post Christie: SCOTUS Presidential Immunity Ruling Could Cover Wisconsin Judge appeared first on Breitbart.",questionable,unknown,2025-04-28T15:03:04.204543
Fight Club Knockout Stories: Three Big Beautiful Words,https://www.breitbart.com/politics/2025/04/27/fight-club-knockout-stories-three-big-beautiful-words/,"Sun, 27 Apr 2025 10:30:21 +0000",Breitbart,"For Breitbart Fight Club Members only, every week we reveal our top five articles based on reader engagement. These are the stories that our readers were talking about for the past week. The post Fight Club Knockout Stories: Three Big Beautiful Words appeared first on Breitbart.",questionable,unknown,2025-04-28T15:03:04.205018
Rep. Tom Tiffany Calls for Wisconsin Judge to Resign for Protecting Illegal Aliens 'over the Law',https://www.breitbart.com/immigration/2025/04/27/rep-tom-tiffany-wisconsin-judge-resign-protecting-illegal-aliens-over-law/,"Mon, 28 Apr 2025 01:52:08 +0000",Breitbart,Rep. Tom Tiffany (R-WI) is calling for the resignation of a Wisconsin judge who threatened not to hold court hearings and vowed to shield illegal aliens from deportation. The post Rep. Tom Tiffany Calls for Wisconsin Judge to Resign for Protecting Illegal Aliens ‘over the Law’ appeared first on Breitbart.,questionable,unknown,2025-04-28T15:03:04.205519
'RuPaul’s Drag Race' Star Jiggly Caliente Dead at 44 Days After Leg Amputation,https://www.breitbart.com/entertainment/2025/04/27/rupauls-drag-race-star-jiggly-caliente-dead-at-44-days-after-leg-amputation/,"Sun, 27 Apr 2025 19:14:43 +0000",Breitbart,"Jiggly Caliente, a drag performer who was best known for competing on ""RuPaul's Drag Race,"" died on Sunday at the age of 44 -- just days after experiencing a ""serious health setback"" that involved the amputation of his right leg. The post ‘RuPaul’s Drag Race’ Star Jiggly Caliente Dead at 44 Days After Leg Amputation appeared first on Breitbart.",questionable,unknown,2025-04-28T15:03:04.206060
Texas Democrat Breaks Ranks on 'Maryland Man': 'Not the Right Person' to Bring Back to U.S.,https://www.breitbart.com/immigration/2025/04/27/texas-lawmaker-breaks-ranks-with-fellow-democrats-on-immigration/,"Sun, 27 Apr 2025 16:48:45 +0000",Breitbart,"Rep. Henry Cueller, a Texas Democrat and a Mexican American, says his party is losing credibility with its advocacy of an illegal immigrant the Trump administration alleges is a violent MS-13 member. The post Texas Democrat Breaks Ranks on ‘Maryland Man’: ‘Not the Right Person’ to Bring Back to U.S. appeared first on Breitbart.",questionable,unknown,2025-04-28T15:03:04.206665
"Kanye West Gets Banned from Twitch in Just 7 Minutes After Hitler Salute, Rant About Impregnating Paris Hilton",https://www.breitbart.com/entertainment/2025/04/27/kanye-west-gets-banned-from-twitch-in-just-7-minutes-after-hitler-salute-rant-about-impregnating-paris-hilton/,"Sun, 27 Apr 2025 18:44:37 +0000",Breitbart,"Troubled rapper and entrepreneur Ye, formerly known as Kanye West, began streaming on the Amazon-owned livestreaming app Twitch Friday, but the online broadcast was short-lived after he reverted to his now-familiar Nazi antics. The post Kanye West Gets Banned from Twitch in Just 7 Minutes After Hitler Salute, Rant About Impregnating Paris Hilton appeared first on Breitbart.",questionable,unknown,2025-04-28T15:03:04.216303
"Rosie O’Donnell Launches Long, Unhinged Anti-Trump Rant: 'Bats*t crazy'",https://www.breitbart.com/entertainment/2025/04/27/rosie-odonnell-launches-long-unhinged-anti-trump-rant-batst-crazy/,"Sun, 27 Apr 2025 19:35:44 +0000",Breitbart,"In her continued attacks on President Donald Trump, former America comedienne, and current resident of Ireland, Rosie O’Donnell is now claiming that she was once given a contaminated bottle of Trump branded liquor. The post Rosie O’Donnell Launches Long, Unhinged Anti-Trump Rant: ‘Bats*t crazy’ appeared first on Breitbart.",questionable,unknown,2025-04-28T15:03:04.217001
Bessent: Trade Negotiations with Asian Countries 'Moving Along Very Well',https://www.breitbart.com/clips/2025/04/27/bessent-trade-negotiations-with-asian-countries-moving-along-very-well/,"Sun, 27 Apr 2025 15:49:08 +0000",Breitbart,"Treasury Secretary Scott Bessent said Sunday on ABC's ""Meet the Press"" that the Trump administration's trade negotiations with several Asian countries are ""moving along very well."" The post Bessent: Trade Negotiations with Asian Countries ‘Moving Along Very Well’ appeared first on Breitbart.",questionable,unknown,2025-04-28T15:03:04.217579
Bernie Sanders: Democrats Lack 'Vision for the Future',https://www.breitbart.com/clips/2025/04/27/bernie-sanders-democrats-lack-vision-for-the-future/,"Sun, 27 Apr 2025 15:45:00 +0000",Breitbart,"Sunday on NBC's ""Meet the Press,"" Sen. Bernie Sanders (I-VT) that the Democratic Party lacked a vision for the future. The post Bernie Sanders: Democrats Lack ‘Vision for the Future’ appeared first on Breitbart.",questionable,unknown,2025-04-28T15:03:04.218139
WATCH: Bill Belichick's Girlfriend Shuts Down a Question Posed During CBS Interview,https://www.breitbart.com/sports/2025/04/27/watch-bill-belichicks-girlfriend-shuts-down-a-question-posed-during-cbs-interview/,"Sun, 27 Apr 2025 20:01:13 +0000",Breitbart,Former NFL coach Bill Belichick's girlfriend shut down a question about how they met during a CBS interview. The post WATCH: Bill Belichick’s Girlfriend Shuts Down a Question Posed During CBS Interview appeared first on Breitbart.,questionable,unknown,2025-04-28T15:03:04.218847
Only President Trump Can Lower Drug Costs and Cure Cancer,https://www.breitbart.com/politics/2025/04/26/only-president-trump-can-lower-drug-costs-and-cure-cancer/,"Sat, 26 Apr 2025 11:50:35 +0000",Breitbart,"President Trump has the historic opportunity to lower drug costs and cure diseases like cancer, Alzheimer’s, diabetes, and more. The post Only President Trump Can Lower Drug Costs and Cure Cancer appeared first on Breitbart.",questionable,unknown,2025-04-28T15:03:04.219227
"Pope Funeral: World Leaders, Faithful Pack Vatican as Francis Laid to Rest",https://www.breitbart.com/europe/2025/04/26/pope-funeral-world-leaders-faithful-pack-vatican-as-francis-laid-to-rest/,"Sat, 26 Apr 2025 08:34:11 +0000",Breitbart,"A funeral Mass is being given for Pope Francis, with hundreds of thousands of mourners gathering with church leaders and political figures. The post Pope Funeral: World Leaders, Faithful Pack Vatican as Francis Laid to Rest appeared first on Breitbart.",questionable,unknown,2025-04-28T15:03:04.219523
Zelensky Says Meeting With Trump in Vatican Potentially 'Historic',https://www.breitbart.com/europe/2025/04/26/zelensky-says-meeting-with-trump-in-vatican-potentially-historic/,"Sat, 26 Apr 2025 12:39:59 +0000",Breitbart,"Ukrainian leader Volodymyr Zelensky proclaimed that his meeting with U.S. President Donald Trump on the sidelines of the funeral for Pope Francis has the ""potential to become historic”. The post Zelensky Says Meeting With Trump in Vatican Potentially ‘Historic’ appeared first on Breitbart.",questionable,unknown,2025-04-28T15:03:04.219819
"Zelensky Publicly Rejected Trump's Peace Plan, Preferring Push For Maximalist Total Victory Scenario",https://www.breitbart.com/europe/2025/04/26/zelensky-publicly-rejected-trumps-peace-plan-preferring-push-for-maximalist-total-victory-scenario/,"Sat, 26 Apr 2025 07:42:06 +0000",Breitbart,"Even as talks progress and Trump says there is hope for a deal, Zelensky saying the Ukrainian constitution calls for total victory. The post Zelensky Publicly Rejected Trump’s Peace Plan, Preferring Push For Maximalist Total Victory Scenario appeared first on Breitbart.",questionable,unknown,2025-04-28T15:03:04.220280
President Trump Arrives at Vatican For Pope Francis Funeral,https://www.breitbart.com/europe/2025/04/26/president-trump-arrives-at-vatican-for-pope-francis-funeral/,"Sat, 26 Apr 2025 08:09:06 +0000",Breitbart,"President Trump joined the gathered mourners outside St Peter's Basilica, having flown overnight to Italy for the funeral of Pope Francis. The post President Trump Arrives at Vatican For Pope Francis Funeral appeared first on Breitbart.",questionable,unknown,2025-04-28T15:03:04.220717
Russia Claims Complete Recapture of Kursk from Ukraine Counter Invasion,https://www.breitbart.com/europe/2025/04/26/russia-claims-complete-recapture-of-kursk-from-ukraine-counter-invasion/,"Sat, 26 Apr 2025 11:59:34 +0000",Breitbart,"All Ukrainian troops have been forced from Russia's Kursk region, Kremlin spokesperson Dmitry Peskov said. The post Russia Claims Complete Recapture of Kursk from Ukraine Counter Invasion appeared first on Breitbart.",questionable,unknown,2025-04-28T15:03:04.221155
"Nine Killed, Multiple Others Injured After Driver Rams SUV into Crowded Vancouver Street Festival",https://www.breitbart.com/europe/2025/04/27/fatalities-injuries-after-driver-ploughs-suv-into-crowded-vancouver-street-festival/,"Sun, 27 Apr 2025 07:42:58 +0000",Breitbart,"Nine people are dead and dozens left injured after a driver sent an SUV careering into a crowded street festival in Vancouver late Saturday night. The post Nine Killed, Multiple Others Injured After Driver Rams SUV into Crowded Vancouver Street Festival appeared first on Breitbart.",questionable,unknown,2025-04-28T15:03:04.221604
Breitbart Business Digest: Historic Divergence Between Democrat Despair and Republican Confidence Has Enormous Economic Stakes,https://www.breitbart.com/economy/2025/04/25/breitbart-business-digest-historic-divergence-between-democrat-despair-and-republican-confidence-has-enormous-economic-stakes/,"Fri, 25 Apr 2025 23:05:53 +0000",Breitbart,"Consumer sentiment remains deeply depressed; and the division between Democrats and Republicans has reached historic, almost unimaginable levels. The post Breitbart Business Digest: Historic Divergence Between Democrat Despair and Republican Confidence Has Enormous Economic Stakes appeared first on Breitbart.",questionable,unknown,2025-04-28T15:03:04.222055
Potty-Mouthed Democrats Use Profanity in Attempt to Snag Votes,https://www.breitbart.com/politics/2025/04/27/potty-mouthed-democrats-use-profanity-in-attempt-to-snag-votes/,"Sun, 27 Apr 2025 18:08:27 +0000",Breitbart,The typically euphemistic language of politics is increasingly being replaced by profanity as the midterms loom and Democrat candidates are dropping F-bombs and other expletives in their ads and appearances. The post Potty-Mouthed Democrats Use Profanity in Attempt to Snag Votes appeared first on Breitbart.,questionable,unknown,2025-04-28T15:03:04.222475
Stephen Miller Slams Democrats for Criticizing Arrest of Judge for Allegedly Shielding Migrant,https://www.breitbart.com/crime/2025/04/25/stephen-miller-slams-dems-criticizing-arrest-judge-migrant-deportation/,"Sat, 26 Apr 2025 01:02:39 +0000",Breitbart,"All day Friday, numerous Democrats railed at the FBI's surprise arrest of an activist judge for allegedly helping an illegal migrant escape deportation, prompting White House Deputy Chief of Staff Stephen Miller to play political whac-a-mole in response. The post Stephen Miller Slams Democrats for Criticizing Arrest of Judge for Allegedly Shielding Migrant appeared first on Breitbart.",questionable,unknown,2025-04-28T15:03:04.222901
800 Illegal Aliens Rounded Up in 4-Day Florida ICE Raids,https://www.breitbart.com/border/2025/04/26/800-illegal-aliens-rounded-up-in-4-day-florida-ice-raids/,"Sat, 26 Apr 2025 20:45:48 +0000",Breitbart,"U.S. Immigration and Customs Enforcement (ICE) officers and agents teamed up with Florida state police to round up nearly 800 illegal aliens during a four-day operation this week. The round-up came as part of a multi-agency immigration enforcement crackdown, ICE officials stated. The post 800 Illegal Aliens Rounded Up in 4-Day Florida ICE Raids appeared first on Breitbart.",questionable,unknown,2025-04-28T15:03:04.223250
White House Releases Video Encouraging Illegal Aliens to Self Deport: 'Take Me Home',https://www.breitbart.com/immigration/2025/04/26/white-house-releases-video-encouraging-illegal-aliens-to-self-deport-take-me-home/,"Sat, 26 Apr 2025 23:10:46 +0000",Breitbart,"The White House released a video that encourages illegal aliens in the United States to self-deport, and it showed several messages from President Donald Trump and Department of Homeland Security (DHS) Secretary Kristi Noem warning them to either self-deport or risk deportation the hard way. The post White House Releases Video Encouraging Illegal Aliens to Self Deport: ‘Take Me Home’ appeared first on Breitbart.",questionable,unknown,2025-04-28T15:03:04.223640
"Ex-DOJ Official Rossi: Dugan Left Victims Hanging to 'Willfully' Try to 'Hide' Suspect from Arrest, But I Wouldn't Paper This",https://www.breitbart.com/clips/2025/04/26/ex-doj-official-rossi-dugan-left-victims-hanging-to-willfully-try-to-hide-suspect-from-arrest-but-i-wouldnt-paper-this/,"Sat, 26 Apr 2025 18:51:15 +0000",Breitbart,"On Friday’s broadcast of “CNN NewsNight,” Gene Rossi, who worked at the U.S. Department of Justice from 1989 to 2016 and is an Adjunct Faculty member at George Mason University, said that Milwaukee County Circuit Judge Hannah Dugan “adjourned the The post Ex-DOJ Official Rossi: Dugan Left Victims Hanging to ‘Willfully’ Try to ‘Hide’ Suspect from Arrest, But I Wouldn’t Paper This appeared first on Breitbart.",questionable,unknown,2025-04-28T15:03:04.224025
Schumer Doesn't Rule Out Impeachment: 'Trump Is Violating Rule of Law',h